timestamp_utc,item_id,item_name,region,min_unit_price_copper,total_quantity,num_auctions
2026-06-07T17:06:09+00:00,243605,Dawn Crystal,eu,3900000,42135,1466
2026-06-07T17:06:09+00:00,243606,Dawn Crystal,eu,7000000,14601,891
2026-06-07T19:06:40+00:00,243605,Dawn Crystal,eu,3802600,14763,1604
2026-06-07T19:06:40+00:00,243606,Dawn Crystal,eu,6690000,7178,963
2026-06-08T13:58:09+00:00,243605,Dawn Crystal,eu,4180000,8403,806
2026-06-08T13:58:09+00:00,243606,Dawn Crystal,eu,6533500,6428,763
2026-06-08T20:01:37+00:00,243605,Dawn Crystal,eu,3488800,17354,1498
2026-06-08T20:01:37+00:00,243606,Dawn Crystal,eu,679400,6831,970
2026-06-09T12:30:52+00:00,243605,Dawn Crystal,eu,3600000,10074,858
2026-06-09T12:30:52+00:00,243606,Dawn Crystal,eu,6195000,5755,607
2026-06-09T19:56:49+00:00,243605,Dawn Crystal,eu,3165800,7413,808
2026-06-09T19:56:49+00:00,243606,Dawn Crystal,eu,6788400,2913,337
2026-06-10T12:48:43+00:00,243605,Dawn Crystal,eu,3600000,7403,743
2026-06-10T12:48:43+00:00,243606,Dawn Crystal,eu,7375100,7505,330
2026-06-10T20:12:15+00:00,243605,Dawn Crystal,eu,3180000,8572,839
2026-06-10T20:12:15+00:00,243606,Dawn Crystal,eu,6999900,5898,749
2026-06-11T13:50:22+00:00,243605,Dawn Crystal,eu,3399800,3409,393
2026-06-11T13:50:22+00:00,243606,Dawn Crystal,eu,6299000,7398,1117
2026-06-11T20:10:59+00:00,243605,Dawn Crystal,eu,2897300,7423,923
2026-06-11T20:10:59+00:00,243606,Dawn Crystal,eu,6643400,6400,854
2026-06-12T12:48:21+00:00,243605,Dawn Crystal,eu,4464500,6147,498
2026-06-12T12:48:21+00:00,243606,Dawn Crystal,eu,6736300,4476,412
2026-06-12T19:53:39+00:00,243605,Dawn Crystal,eu,3659800,7627,807
2026-06-12T19:53:39+00:00,243606,Dawn Crystal,eu,6758800,3518,424
2026-06-13T11:45:58+00:00,243605,Dawn Crystal,eu,4100000,5453,616
2026-06-13T11:45:58+00:00,243606,Dawn Crystal,eu,7120000,4436,461
2026-06-13T19:08:04+00:00,243605,Dawn Crystal,eu,4340800,3192,258
2026-06-13T19:08:04+00:00,243606,Dawn Crystal,eu,7173800,4048,426
2026-06-14T11:48:40+00:00,243605,Dawn Crystal,eu,4846200,13352,990
2026-06-14T11:48:40+00:00,243606,Dawn Crystal,eu,7199900,4729,407
2026-06-14T19:09:28+00:00,243605,Dawn Crystal,eu,4044900,11769,1510
2026-06-14T19:09:28+00:00,243606,Dawn Crystal,eu,7119800,7434,442
2026-06-15T15:36:26+00:00,243605,Dawn Crystal,eu,4800000,5748,596
2026-06-15T15:36:26+00:00,243606,Dawn Crystal,eu,7389800,4395,548
2026-06-15T20:45:48+00:00,243605,Dawn Crystal,eu,4870000,10151,620
2026-06-15T20:45:48+00:00,243606,Dawn Crystal,eu,6759400,4845,421
2026-06-16T14:51:52+00:00,243605,Dawn Crystal,eu,5500000,1875,95
2026-06-16T14:51:52+00:00,243606,Dawn Crystal,eu,8900000,3378,111
2026-06-16T20:38:23+00:00,243605,Dawn Crystal,eu,5180000,8631,794
2026-06-16T20:38:23+00:00,243606,Dawn Crystal,eu,7700000,8985,957
2026-06-17T20:00:07+00:00,243605,Dawn Crystal,eu,4190000,13814,992
2026-06-17T20:00:07+00:00,243606,Dawn Crystal,eu,7807900,11455,1669
2026-06-18T12:44:55+00:00,243605,Dawn Crystal,eu,5050000,4450,376
2026-06-18T12:44:55+00:00,243606,Dawn Crystal,eu,7309900,9524,1235
2026-06-18T20:11:04+00:00,243605,Dawn Crystal,eu,4269900,6760,699
2026-06-18T20:11:04+00:00,243606,Dawn Crystal,eu,6700000,10137,1277
2026-06-19T13:26:55+00:00,243605,Dawn Crystal,eu,4979700,3074,265
2026-06-19T13:26:55+00:00,243606,Dawn Crystal,eu,6384000,7810,973
2026-06-19T19:25:54+00:00,243605,Dawn Crystal,eu,3843600,4995,637
2026-06-19T19:25:54+00:00,243606,Dawn Crystal,eu,5939900,10255,1412
2026-06-20T11:49:49+00:00,243605,Dawn Crystal,eu,4489900,4026,281
2026-06-20T11:49:49+00:00,243606,Dawn Crystal,eu,6719900,4541,252
2026-06-20T19:09:24+00:00,243605,Dawn Crystal,eu,4154200,5156,551
2026-06-20T19:09:24+00:00,243606,Dawn Crystal,eu,6756600,7355,496
2026-06-21T12:04:42+00:00,243605,Dawn Crystal,eu,5449900,4206,231
2026-06-21T12:04:42+00:00,243606,Dawn Crystal,eu,6782000,8157,676
2026-06-21T19:15:07+00:00,243605,Dawn Crystal,eu,4390000,5739,672
2026-06-21T19:15:07+00:00,243606,Dawn Crystal,eu,6731900,9395,899
2026-06-22T15:12:16+00:00,243605,Dawn Crystal,eu,4907700,4171,509
2026-06-22T15:12:16+00:00,243606,Dawn Crystal,eu,6746000,9436,1036
2026-06-22T20:34:13+00:00,243605,Dawn Crystal,eu,4622700,7061,1022
2026-06-22T20:34:13+00:00,243606,Dawn Crystal,eu,6550200,9836,1112
2026-06-23T12:27:54+00:00,243605,Dawn Crystal,eu,4790000,2177,278
2026-06-23T12:27:54+00:00,243606,Dawn Crystal,eu,6630000,3799,533
2026-06-23T19:49:51+00:00,243605,Dawn Crystal,eu,4494700,4885,601
2026-06-23T19:49:51+00:00,243606,Dawn Crystal,eu,6983500,2364,144
2026-06-24T12:13:08+00:00,243605,Dawn Crystal,eu,4760100,5658,420
2026-06-24T12:13:08+00:00,243606,Dawn Crystal,eu,6801700,5956,687
2026-06-24T19:26:25+00:00,243605,Dawn Crystal,eu,3780000,10282,1207
2026-06-24T19:26:25+00:00,243606,Dawn Crystal,eu,6505600,6939,1002
2026-06-25T12:11:16+00:00,243605,Dawn Crystal,eu,3999900,5909,537
2026-06-25T12:11:16+00:00,243606,Dawn Crystal,eu,6430000,7414,965
2026-06-25T19:45:41+00:00,243605,Dawn Crystal,eu,4118400,7163,755
2026-06-25T19:45:41+00:00,243606,Dawn Crystal,eu,6419500,8371,844
2026-06-26T12:05:36+00:00,243605,Dawn Crystal,eu,4209600,3863,326
2026-06-26T12:05:36+00:00,243606,Dawn Crystal,eu,6289900,5837,684
2026-06-26T19:28:06+00:00,243605,Dawn Crystal,eu,4493300,2837,348
2026-06-26T19:28:06+00:00,243606,Dawn Crystal,eu,6192800,4456,659
2026-06-27T11:18:36+00:00,243605,Dawn Crystal,eu,4508800,3870,234
2026-06-27T11:18:36+00:00,243606,Dawn Crystal,eu,6074000,5843,376
2026-06-27T19:04:22+00:00,243605,Dawn Crystal,eu,4007500,5352,448
2026-06-27T19:04:22+00:00,243606,Dawn Crystal,eu,6289700,5301,235
2026-06-28T11:40:09+00:00,243605,Dawn Crystal,eu,4720000,2380,131
2026-06-28T11:40:09+00:00,243606,Dawn Crystal,eu,6750000,4197,229
2026-06-29T13:57:26+00:00,243605,Dawn Crystal,eu,4950000,2922,107
2026-06-29T13:57:26+00:00,243606,Dawn Crystal,eu,6250000,6491,648
2026-06-29T19:42:58+00:00,243605,Dawn Crystal,eu,4500000,4451,396
2026-06-29T19:42:58+00:00,243606,Dawn Crystal,eu,6200000,5125,502
2026-06-30T12:03:59+00:00,243605,Dawn Crystal,eu,4500000,3120,203
2026-06-30T12:03:59+00:00,243606,Dawn Crystal,eu,6430000,4918,422
2026-06-30T19:42:28+00:00,243605,Dawn Crystal,eu,5069100,7071,778
2026-06-30T19:42:28+00:00,243606,Dawn Crystal,eu,6613100,2605,205
2026-07-01T12:26:50+00:00,243605,Dawn Crystal,eu,5000000,5613,573
2026-07-01T12:26:50+00:00,243606,Dawn Crystal,eu,6680000,3679,322
2026-07-01T19:29:27+00:00,243605,Dawn Crystal,eu,4170000,6224,747
2026-07-01T19:29:27+00:00,243606,Dawn Crystal,eu,6457000,5461,699
2026-07-02T12:01:00+00:00,243605,Dawn Crystal,eu,4879500,2474,354
2026-07-02T12:01:00+00:00,243606,Dawn Crystal,eu,6594200,4870,437
2026-07-02T19:09:30+00:00,243605,Dawn Crystal,eu,4105000,5504,708
2026-07-02T19:09:30+00:00,243606,Dawn Crystal,eu,6179900,7187,713
2026-07-03T11:59:23+00:00,243605,Dawn Crystal,eu,4749800,1955,128
2026-07-03T11:59:23+00:00,243606,Dawn Crystal,eu,6368300,5056,421
2026-07-03T19:01:57+00:00,243605,Dawn Crystal,eu,4283300,4971,729
2026-07-03T19:01:57+00:00,243606,Dawn Crystal,eu,6157300,4745,616
2026-07-04T11:16:16+00:00,243605,Dawn Crystal,eu,4899800,2857,344
2026-07-04T11:16:16+00:00,243606,Dawn Crystal,eu,6149900,10036,684
2026-07-04T18:56:31+00:00,243605,Dawn Crystal,eu,4467900,3548,585
2026-07-04T18:56:31+00:00,243606,Dawn Crystal,eu,6070000,6831,826
2026-07-05T11:22:14+00:00,243605,Dawn Crystal,eu,4797700,5028,362
2026-07-05T11:22:14+00:00,243606,Dawn Crystal,eu,6274900,10785,871
2026-07-05T19:02:05+00:00,243605,Dawn Crystal,eu,4289900,7624,498
2026-07-05T19:02:05+00:00,243606,Dawn Crystal,eu,6219400,11792,929
2026-07-06T13:36:46+00:00,243605,Dawn Crystal,eu,4649900,4050,193
2026-07-06T13:36:46+00:00,243606,Dawn Crystal,eu,6175000,9289,766
2026-07-06T19:42:49+00:00,243605,Dawn Crystal,eu,4889900,2398,89
2026-07-06T19:42:49+00:00,243606,Dawn Crystal,eu,6198400,10406,862
2026-07-07T12:21:11+00:00,243605,Dawn Crystal,eu,5289700,2468,275
2026-07-07T12:21:11+00:00,243606,Dawn Crystal,eu,6327800,6138,431
2026-07-07T19:41:21+00:00,243605,Dawn Crystal,eu,4890000,3563,537
2026-07-07T19:41:21+00:00,243606,Dawn Crystal,eu,6792900,4851,329
2026-07-08T11:41:09+00:00,243605,Dawn Crystal,eu,4949900,5458,515
2026-07-08T11:41:09+00:00,243606,Dawn Crystal,eu,6109000,3705,383
2026-07-08T19:07:16+00:00,243605,Dawn Crystal,eu,4899800,4071,529
2026-07-08T19:07:16+00:00,243606,Dawn Crystal,eu,6400000,4826,414
2026-07-09T19:22:53+00:00,243605,Dawn Crystal,eu,5000700,2152,397
2026-07-09T19:22:53+00:00,243606,Dawn Crystal,eu,6421100,6032,776
2026-07-10T12:18:17+00:00,243605,Dawn Crystal,eu,5230000,2503,230
2026-07-10T12:18:17+00:00,243606,Dawn Crystal,eu,6350000,5708,641
2026-07-10T19:15:40+00:00,243605,Dawn Crystal,eu,4252200,2992,541
2026-07-10T19:15:40+00:00,243606,Dawn Crystal,eu,6009000,5431,665
2026-07-11T10:53:02+00:00,243605,Dawn Crystal,eu,4920000,4275,426
2026-07-11T10:53:02+00:00,243606,Dawn Crystal,eu,6310000,4446,416
2026-07-11T18:44:51+00:00,243605,Dawn Crystal,eu,4700000,4202,407
2026-07-11T18:44:51+00:00,243606,Dawn Crystal,eu,6223800,5900,506
2026-07-12T11:03:30+00:00,243605,Dawn Crystal,eu,4677500,6030,565
2026-07-12T11:03:30+00:00,243606,Dawn Crystal,eu,6030000,20760,707
2026-07-12T18:51:05+00:00,243605,Dawn Crystal,eu,4499900,7598,858
2026-07-12T18:51:05+00:00,243606,Dawn Crystal,eu,6017600,5898,699
2026-07-13T12:25:02+00:00,243605,Dawn Crystal,eu,4910200,11775,326
2026-07-13T12:25:02+00:00,243606,Dawn Crystal,eu,5990000,17690,882
2026-07-13T19:12:02+00:00,243605,Dawn Crystal,eu,4505000,5549,718
2026-07-13T19:12:02+00:00,243606,Dawn Crystal,eu,6193600,11840,600
2026-07-14T11:16:16+00:00,243605,Dawn Crystal,eu,4908000,6422,273
2026-07-14T11:16:16+00:00,243606,Dawn Crystal,eu,6101000,4636,356
2026-07-14T19:02:31+00:00,243605,Dawn Crystal,eu,4619600,4711,645
2026-07-14T19:02:31+00:00,243606,Dawn Crystal,eu,6118700,11296,440
2026-07-15T11:20:08+00:00,243605,Dawn Crystal,eu,4649900,4663,531
2026-07-15T11:20:08+00:00,243606,Dawn Crystal,eu,5787800,4571,662
2026-07-15T18:55:07+00:00,243605,Dawn Crystal,eu,3719600,6158,828
2026-07-15T18:55:07+00:00,243606,Dawn Crystal,eu,6029000,12872,1059
2026-07-16T11:25:33+00:00,243605,Dawn Crystal,eu,4400000,4601,739
2026-07-16T11:25:33+00:00,243606,Dawn Crystal,eu,5890000,7073,1049
2026-07-16T18:55:49+00:00,243605,Dawn Crystal,eu,4194300,6079,962
2026-07-16T18:55:49+00:00,243606,Dawn Crystal,eu,5831700,8444,1002
2026-07-17T11:13:20+00:00,243605,Dawn Crystal,eu,4351300,2304,231
2026-07-17T11:13:20+00:00,243606,Dawn Crystal,eu,5484600,5761,809
2026-07-17T18:52:52+00:00,243605,Dawn Crystal,eu,4250000,5353,388
2026-07-17T18:52:52+00:00,243606,Dawn Crystal,eu,5779900,6934,564
2026-07-18T10:54:56+00:00,243605,Dawn Crystal,eu,4149800,4586,464
2026-07-18T10:54:56+00:00,243606,Dawn Crystal,eu,5147000,7417,1172
2026-07-18T18:46:24+00:00,243605,Dawn Crystal,eu,4175500,7403,615
2026-07-18T18:46:24+00:00,243606,Dawn Crystal,eu,5441300,5681,827
2026-07-19T11:02:47+00:00,243605,Dawn Crystal,eu,4302900,5348,240
2026-07-19T11:02:47+00:00,243606,Dawn Crystal,eu,5323200,6010,637
2026-07-19T18:51:24+00:00,243605,Dawn Crystal,eu,4293100,6325,294
2026-07-19T18:51:24+00:00,243606,Dawn Crystal,eu,5191000,5910,588
2026-07-20T12:07:47+00:00,243605,Dawn Crystal,eu,4412700,5034,233
2026-07-20T12:07:47+00:00,243606,Dawn Crystal,eu,5672800,3347,440
2026-07-20T19:25:05+00:00,243605,Dawn Crystal,eu,4205900,6701,324
2026-07-20T19:25:05+00:00,243606,Dawn Crystal,eu,5771800,8290,888
2026-07-21T11:40:53+00:00,243605,Dawn Crystal,eu,4436900,3729,333
2026-07-21T11:40:53+00:00,243606,Dawn Crystal,eu,5287800,5806,776
2026-07-21T19:03:21+00:00,243605,Dawn Crystal,eu,4070000,6294,621
2026-07-21T19:03:21+00:00,243606,Dawn Crystal,eu,5755000,4178,638
2026-07-22T11:40:57+00:00,243605,Dawn Crystal,eu,4305500,3107,390
2026-07-22T11:40:57+00:00,243606,Dawn Crystal,eu,5629900,6706,630
2026-07-22T18:57:13+00:00,243605,Dawn Crystal,eu,4140000,5074,609
2026-07-22T18:57:13+00:00,243606,Dawn Crystal,eu,5504000,6889,732
2026-07-23T11:44:40+00:00,243605,Dawn Crystal,eu,4459300,3558,272
2026-07-23T11:44:40+00:00,243606,Dawn Crystal,eu,5620000,4107,330
2026-07-23T18:59:27+00:00,243605,Dawn Crystal,eu,4194400,4860,439
2026-07-23T18:59:27+00:00,243606,Dawn Crystal,eu,5380000,7081,769
2026-07-24T11:29:08+00:00,243605,Dawn Crystal,eu,4064200,2642,84
2026-07-24T11:29:08+00:00,243606,Dawn Crystal,eu,5337600,3733,307
2026-07-24T19:12:15+00:00,243605,Dawn Crystal,eu,4190000,4458,504
2026-07-24T19:12:15+00:00,243606,Dawn Crystal,eu,5500000,5318,450
2026-07-25T11:00:11+00:00,243605,Dawn Crystal,eu,4301900,4874,356
2026-07-25T11:00:11+00:00,243606,Dawn Crystal,eu,5099900,9457,1157
2026-07-25T18:52:40+00:00,243605,Dawn Crystal,eu,4389300,2817,211
2026-07-25T18:52:40+00:00,243606,Dawn Crystal,eu,5999100,2256,133
2026-07-26T11:12:40+00:00,243605,Dawn Crystal,eu,4708500,2448,72
2026-07-26T11:12:40+00:00,243606,Dawn Crystal,eu,5989800,5270,511
2026-07-26T18:56:27+00:00,243605,Dawn Crystal,eu,4379800,6368,738
2026-07-26T18:56:27+00:00,243606,Dawn Crystal,eu,5600000,8157,900
2026-07-27T12:49:00+00:00,243605,Dawn Crystal,eu,4543800,3899,320
2026-07-27T12:49:00+00:00,243606,Dawn Crystal,eu,5897900,12116,852
2026-07-27T19:12:40+00:00,243605,Dawn Crystal,eu,4200000,3859,302
2026-07-27T19:12:40+00:00,243606,Dawn Crystal,eu,6550500,8224,426
2026-07-28T11:49:16+00:00,243605,Dawn Crystal,eu,4680600,2981,288
2026-07-28T11:49:16+00:00,243606,Dawn Crystal,eu,6403300,4282,222
2026-07-28T19:07:35+00:00,243605,Dawn Crystal,eu,4400000,6660,491
2026-07-28T19:07:35+00:00,243606,Dawn Crystal,eu,6643200,1872,184
2026-07-29T11:52:46+00:00,243605,Dawn Crystal,eu,4302300,3385,244
2026-07-29T11:52:46+00:00,243606,Dawn Crystal,eu,6306500,4889,448
2026-07-29T18:57:16+00:00,243605,Dawn Crystal,eu,4399900,3597,531
2026-07-29T18:57:16+00:00,243606,Dawn Crystal,eu,6340000,5478,585
2026-07-30T11:44:40+00:00,243605,Dawn Crystal,eu,4894900,787,114
2026-07-30T11:44:40+00:00,243606,Dawn Crystal,eu,6279500,5045,578
2026-07-30T19:09:35+00:00,243605,Dawn Crystal,eu,4741800,4150,540
2026-07-30T19:09:35+00:00,243606,Dawn Crystal,eu,6383200,5063,470
2026-07-31T11:51:10+00:00,243605,Dawn Crystal,eu,4750000,1894,354
2026-07-31T11:51:10+00:00,243606,Dawn Crystal,eu,6270000,5285,501
2026-07-31T19:07:50+00:00,243605,Dawn Crystal,eu,4294900,2418,423
2026-07-31T19:07:50+00:00,243606,Dawn Crystal,eu,6289700,6069,396
2026-08-01T11:09:19+00:00,243605,Dawn Crystal,eu,4472100,4126,478
2026-08-01T11:09:19+00:00,243606,Dawn Crystal,eu,6259700,6060,447
2026-08-01T18:54:28+00:00,243605,Dawn Crystal,eu,4295500,4326,491
2026-08-01T18:54:28+00:00,243606,Dawn Crystal,eu,6095400,7336,713
2026-08-02T11:10:10+00:00,243605,Dawn Crystal,eu,4270300,6555,633
2026-08-02T11:10:10+00:00,243606,Dawn Crystal,eu,5900000,6634,689
2026-08-02T18:54:57+00:00,243605,Dawn Crystal,eu,4969000,5577,383
2026-08-02T18:54:57+00:00,243606,Dawn Crystal,eu,7207200,4661,403
2026-08-03T12:47:47+00:00,243605,Dawn Crystal,eu,5200000,2566,311
2026-08-03T12:47:47+00:00,243606,Dawn Crystal,eu,6004900,10883,1209
2026-08-03T19:18:43+00:00,243605,Dawn Crystal,eu,4550000,5100,769
2026-08-03T19:18:43+00:00,243606,Dawn Crystal,eu,6199900,7311,943
2026-08-04T11:53:54+00:00,243605,Dawn Crystal,eu,5622200,2733,226
2026-08-04T11:53:54+00:00,243606,Dawn Crystal,eu,6539700,5281,520
2026-08-04T19:18:18+00:00,243605,Dawn Crystal,eu,5050000,5795,746
2026-08-04T19:18:18+00:00,243606,Dawn Crystal,eu,6771700,4042,317
2026-08-05T11:50:09+00:00,243605,Dawn Crystal,eu,4399900,7736,908
2026-08-05T11:50:09+00:00,243606,Dawn Crystal,eu,6599400,4186,329
2026-08-05T19:14:26+00:00,243605,Dawn Crystal,eu,4420700,8681,1042
2026-08-05T19:14:26+00:00,243606,Dawn Crystal,eu,6078700,7906,862
2026-08-06T11:55:39+00:00,243605,Dawn Crystal,eu,4299900,8139,637
2026-08-06T11:55:39+00:00,243606,Dawn Crystal,eu,6193700,7335,794
2026-08-06T23:49:32+00:00,243605,Dawn Crystal,eu,4250000,9887,644
2026-08-06T23:49:32+00:00,243606,Dawn Crystal,eu,6099700,6835,673
2026-08-07T10:40:47+00:00,243605,Dawn Crystal,eu,4720000,7290,203
2026-08-07T10:40:47+00:00,243606,Dawn Crystal,eu,6248700,5963,565
2026-08-07T18:39:47+00:00,243605,Dawn Crystal,eu,4100100,9516,639
2026-08-07T18:39:47+00:00,243606,Dawn Crystal,eu,6135900,5011,403
2026-08-08T10:19:28+00:00,243605,Dawn Crystal,eu,4299800,5230,364
2026-08-08T10:19:28+00:00,243606,Dawn Crystal,eu,6009700,4940,337
2026-08-08T18:22:01+00:00,243605,Dawn Crystal,eu,4315100,5225,389
2026-08-08T18:22:01+00:00,243606,Dawn Crystal,eu,6170000,4349,318
2026-08-09T10:21:04+00:00,243605,Dawn Crystal,eu,4540000,8052,318
2026-08-09T10:21:04+00:00,243606,Dawn Crystal,eu,6689700,4112,361
2026-08-09T18:24:44+00:00,243605,Dawn Crystal,eu,4000000,12324,787
2026-08-09T18:24:44+00:00,243606,Dawn Crystal,eu,6179400,5423,581
2026-08-10T10:56:01+00:00,243605,Dawn Crystal,eu,4256600,8878,475
2026-08-10T10:56:01+00:00,243606,Dawn Crystal,eu,6078500,7002,466
2026-08-10T18:42:18+00:00,243605,Dawn Crystal,eu,3935000,11104,503
2026-08-10T18:42:18+00:00,243606,Dawn Crystal,eu,5989800,7086,647
2026-08-11T10:40:30+00:00,243605,Dawn Crystal,eu,4099800,7159,331
2026-08-11T10:40:30+00:00,243606,Dawn Crystal,eu,6399900,7585,371
2026-08-11T18:46:38+00:00,243605,Dawn Crystal,eu,4104400,17181,627
2026-08-11T18:46:38+00:00,243606,Dawn Crystal,eu,6393900,6019,503
2026-08-12T10:49:51+00:00,243605,Dawn Crystal,eu,3729700,22227,939
2026-08-12T10:49:51+00:00,243606,Dawn Crystal,eu,6089200,7761,489
2026-08-12T18:47:34+00:00,243605,Dawn Crystal,eu,3220000,28264,1550
2026-08-12T18:47:34+00:00,243606,Dawn Crystal,eu,5549800,25846,1918
2026-08-13T10:50:58+00:00,243605,Dawn Crystal,eu,3300000,27314,1228
2026-08-13T10:50:58+00:00,243606,Dawn Crystal,eu,5070000,22246,2422
2026-08-13T18:48:20+00:00,243605,Dawn Crystal,eu,2519900,25268,1635
2026-08-13T18:48:20+00:00,243606,Dawn Crystal,eu,4929400,22532,2174
